visited,frontier
1,0
2,82
3,99
4,122
5,141
6,152
7,156
8,162
9,172
10,191
11,218
12,235
13,256
14,267
15,271
16,276
17,286
18,305
19,308
20,312
21,317
22,320
23,360
24,373
25,376
26,379
27,381
28,382
29,393
30,397
31,414
32,414
33,429
34,431
35,434
36,436
37,441
38,447
39,455
40,456
41,462
42,464
43,466
44,466
45,465
46,472
47,474
48,487
49,509
50,517
51,524
52,526
53,528
54,530
55,535
56,534
57,540
58,540
59,542
60,549
61,551
62,553
63,567
64,566
65,571
66,573
67,572
68,577
69,580
70,600
71,600
72,605
73,615
74,617
75,636
76,642
77,674
78,677
79,684
80,683
81,696
82,697
83,702
84,704
85,708
86,711
87,712
88,716
89,717
90,729
91,755
92,757
93,756
94,759
95,763
96,785
97,806
98,807
99,808
100,812
101,818
102,820
103,823
104,840
105,843
106,858
107,861
108,867
109,868
110,868
111,868
112,875
113,879
114,891
115,900
116,899
117,909
118,917
119,921
120,920
121,931
122,935
123,938
124,938
125,938
126,939
127,942
128,946
129,952
130,959
131,958
132,961
133,962
134,964
135,963
136,964
137,981
138,981
139,981
140,983
141,986
142,992
143,996
144,995
145,997
146,997
147,996
148,1000
149,1006
150,1017
151,1018
152,1019
153,1018
154,1018
155,1018
156,1032
157,1037
158,1049
159,1050
160,1051
161,1054
162,1066
163,1065
164,1064
165,1090
166,1092
167,1092
168,1109
169,1112
170,1114
171,1114
172,1130
173,1129
174,1129
175,1138
176,1147
177,1152
178,1156
179,1182
180,1183
181,1187
182,1202
183,1201
184,1222
185,1223
186,1226
187,1227
188,1234
189,1235
190,1240
191,1241
192,1248
193,1249
194,1250
195,1255
196,1256
197,1264
198,1268
199,1269
200,1268
201,1269
202,1272
203,1281
204,1282
205,1281
206,1281
207,1283
208,1284
209,1283
210,1282
211,1281
212,1282
213,1289
214,1295
215,1302
216,1302
217,1303
218,1304
219,1303
220,1302
221,1306
222,1307
223,1309
224,1313
225,1317
226,1317
227,1320
228,1319
229,1324
230,1323
231,1324
232,1326
233,1332
234,1335
235,1334
236,1334
237,1334
238,1333
239,1340
240,1339
241,1340
242,1344
243,1348
244,1349
245,1355
246,1356
247,1363
248,1364
249,1369
250,1370
251,1373
252,1372
253,1372
254,1372
255,1372
256,1372
257,1375
258,1374
259,1375
260,1379
261,1382
262,1381
263,1383
264,1382
265,1385
266,1392
267,1394
268,1396
269,1396
270,1396
271,1395
272,1397
273,1403
274,1402
275,1402
276,1401
277,1401
278,1400
279,1403
280,1409
281,1416
282,1417
283,1427
284,1432
285,1433
286,1438
287,1440
288,1445
289,1450
290,1454
291,1457
292,1479
293,1478
294,1479
295,1489
296,1490
297,1491
298,1495
299,1496
300,1496
301,1495
302,1494
303,1493
304,1498
305,1498
306,1499
307,1502
308,1504
309,1525
310,1528
311,1527
312,1527
313,1532
314,1538
315,1546
316,1547
317,1546
318,1545
319,1545
320,1553
321,1557
322,1560
323,1561
324,1562
325,1562
326,1561
327,1564
328,1568
329,1571
330,1572
331,1571
332,1570
333,1592
334,1591
335,1590
336,1590
337,1592
338,1592
339,1591
340,1593
341,1592
342,1591
343,1590
344,1592
345,1595
346,1594
347,1593
348,1622
349,1622
350,1625
351,1624
352,1623
353,1627
354,1633
355,1638
356,1641
357,1642
358,1663
359,1664
360,1666
361,1667
362,1667
363,1666
364,1670
365,1670
366,1673
367,1672
368,1677
369,1677
370,1677
371,1677
372,1679
373,1683
374,1687
375,1686
376,1685
377,1686
378,1688
379,1698
380,1702
381,1706
382,1707
383,1713
384,1717
385,1716
386,1715
387,1719
388,1722
389,1722
390,1723
391,1722
392,1726
393,1725
394,1724
395,1725
396,1725
397,1724
398,1724
399,1731
400,1733
401,1732
402,1733
403,1735
404,1735
405,1734
406,1735
407,1734
408,1736
409,1742
410,1758
411,1760
412,1760
413,1765
414,1765
415,1766
416,1765
417,1764
418,1763
419,1763
420,1762
421,1763
422,1764
423,1763
424,1762
425,1765
426,1767
427,1778
428,1777
429,1785
430,1788
431,1788
432,1790
433,1793
434,1793
435,1792
436,1792
437,1793
438,1792
439,1805
440,1816
441,1816
442,1820
443,1823
444,1823
445,1826
446,1850
447,1850
448,1850
449,1849
450,1851
451,1853
452,1857
453,1856
454,1856
455,1860
456,1859
457,1861
458,1864
459,1863
460,1862
461,1863
462,1862
463,1861
464,1861
465,1869
466,1870
467,1869
468,1869
469,1869
470,1870
471,1871
472,1870
473,1871
474,1871
475,1877
476,1888
477,1887
478,1886
479,1887
480,1887
481,1886
482,1889
483,1888
484,1888
485,1887
486,1899
487,1899
488,1900
489,1915
490,1914
491,1913
492,1921
493,1927
494,1927
495,1926
496,1925
497,1925
498,1924
499,1923
500,1923
501,1925
502,1928
503,1928
504,1935
505,1946
506,1949
507,1950
508,1955
509,1975
510,1980
511,1983
512,1982
513,1982
514,1996
515,1995
516,1996
517,1995
518,1995
519,1996
520,1996
521,1996
522,1998
523,2006
524,2009
525,2008
526,2011
527,2025
528,2025
529,2027
530,2027
531,2039
532,2039
533,2038
534,2043
535,2042
536,2047
537,2046
538,2046
539,2046
540,2045
541,2044
542,2061
543,2070
544,2069
545,2073
546,2073
547,2075
548,2077
549,2078
550,2078
551,2077
552,2078
553,2077
554,2087
555,2088
556,2089
557,2092
558,2092
559,2093
560,2092
561,2091
562,2091
563,2091
564,2102
565,2103
566,2103
567,2102
568,2101
569,2113
570,2112
571,2113
572,2112
573,2111
574,2111
575,2121
576,2123
577,2124
578,2125
579,2126
580,2125
581,2128
582,2128
583,2128
584,2127
585,2126
586,2127
587,2126
588,2125
589,2129
590,2132
591,2136
592,2135
593,2142
594,2142
595,2141
596,2140
597,2139
598,2139
599,2138
600,2138
601,2142
602,2143
603,2142
604,2141
605,2140
606,2139
607,2138
608,2137
609,2139
610,2149
611,2148
612,2150
613,2150
614,2149
615,2150
616,2151
617,2151
618,2151
619,2165
620,2169
621,2168
622,2168
623,2175
624,2181
625,2180
626,2179
627,2203
628,2206
629,2208
630,2210
631,2212
632,2211
633,2211
634,2210
635,2210
636,2215
637,2222
638,2222
639,2221
640,2221
641,2229
642,2228
643,2229
644,2230
645,2229
646,2228
647,2231
648,2232
649,2233
650,2232
651,2231
652,2232
653,2231
654,2233
655,2233
656,2232
657,2253
658,2256
659,2260
660,2267
661,2267
662,2267
663,2266
664,2269
665,2269
666,2270
667,2269
668,2273
669,2272
670,2281
671,2281
672,2282
673,2281
674,2280
675,2280
676,2284
677,2284
678,2283
679,2282
680,2281
681,2281
682,2301
683,2300
684,2299
685,2298
686,2298
687,2297
688,2297
689,2308
690,2308
691,2307
692,2306
693,2305
694,2305
695,2304
696,2303
697,2313
698,2312
699,2314
700,2313
701,2312
702,2312
703,2313
704,2314
705,2329
706,2334
707,2333
708,2333
709,2332
710,2332
711,2332
712,2332
713,2332
714,2333
715,2334
716,2336
717,2336
718,2335
719,2335
720,2338
721,2341
722,2340
723,2342
724,2341
725,2341
726,2341
727,2340
728,2345
729,2344
730,2345
731,2344
732,2344
733,2352
734,2352
735,2352
736,2352
737,2352
738,2351
739,2352
740,2352
741,2351
742,2364
743,2364
744,2363
745,2363
746,2366
747,2365
748,2365
749,2372
750,2374
751,2373
752,2372
753,2371
754,2370
755,2371
756,2373
757,2372
758,2371
759,2371
760,2370
761,2375
762,2375
763,2384
764,2384
765,2385
766,2384
767,2387
768,2390
769,2393
770,2392
771,2392
772,2391
773,2391
774,2392
775,2395
776,2394
777,2400
778,2399
779,2398
780,2397
781,2396
782,2399
783,2398
784,2397
785,2396
786,2400
787,2400
788,2401
789,2408
790,2408
791,2408
792,2407
793,2408
794,2408
795,2408
796,2408
797,2409
798,2408
799,2407
800,2406
801,2405
802,2410
803,2409
804,2409
805,2432
806,2433
807,2432
808,2431
809,2431
810,2430
811,2430
812,2429
813,2428
814,2427
815,2426
816,2425
817,2426
818,2426
819,2426
820,2425
821,2426
822,2426
823,2425
824,2425
825,2426
826,2430
827,2429
828,2429
829,2428
830,2430
831,2429
832,2431
833,2431
834,2430
835,2430
836,2429
837,2428
838,2427
839,2429
840,2429
841,2428
842,2427
843,2426
844,2427
845,2431
846,2432
847,2431
848,2431
849,2430
850,2434
851,2433
852,2434
853,2433
854,2432
855,2432
856,2431
857,2430
858,2429
859,2428
860,2427
861,2426
862,2425
863,2428
864,2431
865,2438
866,2437
867,2436
868,2441
869,2440
870,2439
871,2438
872,2438
873,2438
874,2437
875,2436
876,2444
877,2444
878,2443
879,2442
880,2441
881,2440
882,2439
883,2446
884,2445
885,2444
886,2445
887,2444
888,2443
889,2442
890,2443
891,2451
892,2451
893,2455
894,2456
895,2457
896,2458
897,2458
898,2462
899,2462
900,2461
901,2460
902,2459
903,2463
904,2462
905,2461
906,2460
907,2460
908,2463
909,2463
910,2465
911,2465
912,2466
913,2465
914,2464
915,2465
916,2465
917,2465
918,2465
919,2464
920,2463
921,2462
922,2461
923,2460
924,2461
925,2461
926,2460
927,2462
928,2462
929,2463
930,2465
931,2464
932,2464
933,2464
934,2468
935,2468
936,2467
937,2466
938,2465
939,2464
940,2465
941,2464
942,2464
943,2466
944,2465
945,2464
946,2463
947,2464
948,2465
949,2466
950,2467
951,2466
952,2466
953,2466
954,2472
955,2473
956,2476
957,2475
958,2474
959,2478
960,2478
961,2477
962,2478
963,2477
964,2479
965,2478
966,2477
967,2477
968,2481
969,2481
970,2480
971,2481
972,2488
973,2487
974,2486
975,2502
976,2503
977,2502
978,2501
979,2500
980,2499
981,2502
982,2501
983,2503
984,2503
985,2512
986,2513
987,2514
988,2513
989,2512
990,2513
991,2514
992,2517
993,2516
994,2515
995,2523
996,2522
997,2524
998,2524
999,2523
1000,2523
1001,2522
1002,2529
1003,2529
1004,2531
1005,2532
1006,2531
1007,2530
1008,2529
1009,2532
1010,2531
1011,2530
1012,2530
1013,2529
1014,2529
1015,2530
1016,2529
1017,2529
1018,2528
1019,2527
1020,2526
1021,2525
1022,2524
1023,2529
1024,2528
1025,2528
1026,2528
1027,2533
1028,2537
1029,2536
1030,2535
1031,2534
1032,2537
1033,2536
1034,2535
1035,2534
1036,2533
1037,2532
1038,2532
1039,2534
1040,2535
1041,2535
1042,2538
1043,2537
1044,2537
1045,2538
1046,2539
1047,2540
1048,2540
1049,2539
1050,2539
1051,2538
1052,2537
1053,2537
1054,2538
1055,2540
1056,2539
1057,2538
1058,2537
1059,2547
1060,2551
1061,2551
1062,2551
1063,2550
1064,2549
1065,2554
1066,2557
1067,2556
1068,2556
1069,2556
1070,2555
1071,2554
1072,2553
1073,2553
1074,2552
1075,2551
1076,2550
1077,2552
1078,2552
1079,2555
1080,2557
1081,2556
1082,2555
1083,2554
1084,2553
1085,2553
1086,2552
1087,2553
1088,2552
1089,2556
1090,2557
1091,2558
1092,2557
1093,2558
1094,2559
1095,2558
1096,2559
1097,2558
1098,2557
1099,2556
1100,2558
1101,2557
1102,2556
1103,2555
1104,2554
1105,2553
1106,2554
1107,2553
1108,2553
1109,2552
1110,2553
1111,2552
1112,2551
1113,2550
1114,2549
1115,2548
1116,2547
1117,2546
1118,2545
1119,2544
1120,2543
1121,2544
1122,2543
1123,2543
1124,2542
1125,2543
1126,2545
1127,2544
1128,2543
1129,2543
1130,2543
1131,2542
1132,2543
1133,2543
1134,2544
1135,2543
1136,2547
1137,2547
1138,2546
1139,2545
1140,2545
1141,2544
1142,2545
1143,2545
1144,2544
1145,2543
1146,2542
1147,2541
1148,2541
1149,2540
1150,2541
1151,2540
1152,2539
1153,2539
1154,2539
1155,2543
1156,2546
1157,2545
1158,2544
1159,2543
1160,2542
1161,2541
1162,2540
1163,2542
1164,2554
1165,2553
1166,2552
1167,2554
1168,2553
1169,2552
1170,2555
1171,2555
1172,2554
1173,2553
1174,2568
1175,2574
1176,2573
1177,2576
1178,2577
1179,2576
1180,2575
1181,2574
1182,2573
1183,2572
1184,2571
1185,2571
1186,2570
1187,2572
1188,2573
1189,2574
1190,2574
1191,2575
1192,2574
1193,2573
1194,2572
1195,2572
1196,2571
1197,2571
1198,2570
1199,2569
1200,2572
1201,2571
1202,2582
1203,2581
1204,2580
1205,2579
1206,2579
1207,2578
1208,2578
1209,2578
1210,2577
1211,2576
1212,2576
1213,2575
1214,2575
1215,2574
1216,2575
1217,2576
1218,2576
1219,2578
1220,2577
1221,2576
1222,2575
1223,2577
1224,2576
1225,2577
1226,2577
1227,2581
1228,2580
1229,2580
1230,2579
1231,2578
1232,2579
1233,2578
1234,2582
1235,2581
1236,2581
1237,2582
1238,2581
1239,2581
1240,2580
1241,2579
1242,2578
1243,2579
1244,2578
1245,2577
1246,2576
1247,2575
1248,2574
1249,2573
1250,2572
1251,2571
1252,2573
1253,2572
1254,2571
1255,2570
1256,2573
1257,2583
1258,2582
1259,2582
1260,2583
1261,2585
1262,2584
1263,2583
1264,2582
1265,2589
1266,2588
1267,2628
1268,2627
1269,2632
1270,2631
1271,2632
1272,2633
1273,2632
1274,2631
1275,2630
1276,2639
1277,2642
1278,2641
1279,2640
1280,2640
1281,2639
1282,2640
1283,2641
1284,2651
1285,2650
1286,2650
1287,2650
1288,2653
1289,2652
1290,2653
1291,2652
1292,2652
1293,2652
1294,2651
1295,2652
1296,2655
1297,2654
1298,2654
1299,2656
1300,2655
1301,2658
1302,2657
1303,2656
1304,2655
1305,2656
1306,2657
1307,2663
1308,2662
1309,2663
1310,2662
1311,2661
1312,2667
1313,2667
1314,2666
1315,2668
1316,2667
1317,2666
1318,2672
1319,2671
1320,2672
1321,2672
1322,2674
1323,2673
1324,2675
1325,2674
1326,2673
1327,2672
1328,2671
1329,2672
1330,2671
1331,2671
1332,2670
1333,2671
1334,2670
1335,2669
1336,2674
1337,2683
1338,2682
1339,2683
1340,2682
1341,2682
1342,2682
1343,2705
1344,2704
1345,2704
1346,2703
1347,2704
1348,2703
1349,2703
1350,2702
1351,2716
1352,2715
1353,2714
1354,2713
1355,2716
1356,2716
1357,2715
1358,2715
1359,2714
1360,2713
1361,2712
1362,2711
1363,2710
1364,2710
1365,2709
1366,2709
1367,2718
1368,2718
1369,2717
1370,2718
1371,2717
1372,2716
1373,2718
1374,2718
1375,2719
1376,2732
1377,2731
1378,2739
1379,2742
1380,2741
1381,2740
1382,2739
1383,2740
1384,2739
1385,2738
1386,2737
1387,2736
1388,2740
1389,2740
1390,2739
1391,2738
1392,2737
1393,2760
1394,2759
1395,2771
1396,2772
1397,2771
1398,2770
1399,2769
1400,2769
1401,2768
1402,2767
1403,2766
1404,2765
1405,2766
1406,2766
1407,2767
1408,2775
1409,2774
1410,2773
1411,2772
1412,2773
1413,2775
1414,2774
1415,2774
1416,2773
1417,2775
1418,2774
1419,2773
1420,2773
1421,2773
1422,2776
1423,2776
1424,2775
1425,2786
1426,2786
1427,2788
1428,2787
1429,2787
1430,2788
1431,2787
1432,2786
1433,2785
1434,2784
1435,2783
1436,2782
1437,2781
1438,2781
1439,2781
1440,2782
1441,2786
1442,2785
1443,2785
1444,2784
1445,2783
1446,2782
1447,2783
1448,2782
1449,2781
1450,2780
1451,2779
1452,2779
1453,2781
1454,2780
1455,2779
1456,2779
1457,2778
1458,2777
1459,2776
1460,2775
1461,2774
1462,2773
1463,2772
1464,2771
1465,2770
1466,2769
1467,2768
1468,2769
1469,2769
1470,2768
1471,2767
1472,2767
1473,2766
1474,2765
1475,2764
1476,2763
1477,2766
1478,2765
1479,2768
1480,2767
1481,2766
1482,2765
1483,2764
1484,2763
1485,2767
1486,2775
1487,2774
1488,2773
1489,2773
1490,2773
1491,2775
1492,2776
1493,2775
1494,2774
1495,2773
1496,2772
1497,2771
1498,2771
1499,2770
1500,2769
1501,2768
1502,2767
1503,2766
1504,2765
1505,2764
1506,2763
1507,2762
1508,2761
1509,2760
1510,2759
1511,2758
1512,2758
1513,2759
1514,2758
1515,2757
1516,2756
1517,2764
1518,2763
1519,2764
1520,2763
1521,2765
1522,2764
1523,2765
1524,2764
1525,2763
1526,2763
1527,2762
1528,2761
1529,2762
1530,2762
1531,2761
1532,2760
1533,2760
1534,2759
1535,2761
1536,2760
1537,2759
1538,2758
1539,2759
1540,2765
1541,2764
1542,2765
1543,2764
1544,2763
1545,2762
1546,2762
1547,2761
1548,2760
1549,2759
1550,2758
1551,2757
1552,2756
1553,2758
1554,2757
1555,2756
1556,2758
1557,2757
1558,2756
1559,2756
1560,2762
1561,2761
1562,2764
1563,2763
1564,2762
1565,2762
1566,2761
1567,2760
1568,2759
1569,2758
1570,2757
1571,2764
1572,2763
1573,2763
1574,2762
1575,2761
1576,2761
1577,2762
1578,2767
1579,2766
1580,2765
1581,2764
1582,2763
1583,2762
1584,2763
1585,2762
1586,2761
1587,2760
1588,2759
1589,2759
1590,2760
1591,2759
1592,2758
1593,2757
1594,2756
1595,2755
1596,2754
1597,2757
1598,2756
1599,2755
1600,2756
1601,2755
1602,2754
1603,2754
1604,2757
1605,2756
1606,2755
1607,2754
1608,2753
1609,2752
1610,2751
1611,2750
1612,2749
1613,2748
1614,2747
1615,2747
1616,2746
1617,2745
1618,2745
1619,2744
1620,2743
1621,2742
1622,2747
1623,2746
1624,2748
1625,2764
1626,2763
1627,2762
1628,2761
1629,2760
1630,2760
1631,2760
1632,2760
1633,2760
1634,2759
1635,2759
1636,2762
1637,2761
1638,2760
1639,2760
1640,2772
1641,2779
1642,2778
1643,2777
1644,2776
1645,2775
1646,2774
1647,2774
1648,2773
1649,2778
1650,2777
1651,2776
1652,2775
1653,2774
1654,2773
1655,2772
1656,2779
1657,2778
1658,2777
1659,2776
1660,2776
1661,2777
1662,2776
1663,2777
1664,2787
1665,2786
1666,2785
1667,2784
1668,2784
1669,2783
1670,2782
1671,2781
1672,2781
1673,2780
1674,2780
1675,2781
1676,2780
1677,2779
1678,2779
1679,2778
1680,2777
1681,2776
1682,2777
1683,2776
1684,2778
1685,2778
1686,2778
1687,2777
1688,2776
1689,2775
1690,2775
1691,2774
1692,2780
1693,2779
1694,2782
1695,2783
1696,2782
1697,2781
1698,2780
1699,2779
1700,2778
1701,2777
1702,2777
1703,2776
1704,2775
1705,2775
1706,2774
1707,2774
1708,2773
1709,2775
1710,2774
1711,2773
1712,2773
1713,2772
1714,2771
1715,2770
1716,2770
1717,2769
1718,2768
1719,2767
1720,2767
1721,2766
1722,2765
1723,2765
1724,2765
1725,2764
1726,2763
1727,2762
1728,2761
1729,2760
1730,2759
1731,2758
1732,2757
1733,2756
1734,2755
1735,2754
1736,2753
1737,2752
1738,2753
1739,2756
1740,2755
1741,2754
1742,2753
1743,2752
1744,2753
1745,2752
1746,2751
1747,2751
1748,2751
1749,2750
1750,2749
1751,2748
1752,2747
1753,2746
1754,2745
1755,2759
1756,2758
1757,2757
1758,2756
1759,2758
1760,2757
1761,2756
1762,2755
1763,2755
1764,2754
1765,2759
1766,2759
1767,2758
1768,2757
1769,2756
1770,2756
1771,2757
1772,2756
1773,2755
1774,2755
1775,2754
1776,2755
1777,2754
1778,2753
1779,2752
1780,2751
1781,2751
1782,2750
1783,2749
1784,2748
1785,2747
1786,2746
1787,2745
1788,2744
1789,2743
1790,2742
1791,2741
1792,2740
1793,2747
1794,2746
1795,2750
1796,2749
1797,2748
1798,2748
1799,2747
1800,2746
1801,2746
1802,2757
1803,2756
1804,2755
1805,2754
1806,2754
1807,2753
1808,2752
1809,2751
1810,2750
1811,2749
1812,2748
1813,2747
1814,2747
1815,2746
1816,2745
1817,2745
1818,2744
1819,2746
1820,2745
1821,2745
1822,2744
1823,2743
1824,2742
1825,2741
1826,2740
1827,2739
1828,2739
1829,2740
1830,2739
1831,2738
1832,2741
1833,2741
1834,2740
1835,2741
1836,2740
1837,2740
1838,2740
1839,2739
1840,2738
1841,2737
1842,2736
1843,2735
1844,2734
1845,2733
1846,2732
1847,2731
1848,2731
1849,2730
1850,2729
1851,2736
1852,2736
1853,2735
1854,2734
1855,2733
1856,2732
1857,2731
1858,2730
1859,2729
1860,2729
1861,2728
1862,2727
1863,2726
1864,2725
1865,2725
1866,2724
1867,2724
1868,2723
1869,2722
1870,2721
1871,2720
1872,2720
1873,2719
1874,2718
1875,2717
1876,2716
1877,2715
1878,2714
1879,2713
1880,2713
1881,2712
1882,2711
1883,2711
1884,2711
1885,2710
1886,2712
1887,2711
1888,2710
1889,2709
1890,2711
1891,2711
1892,2710
1893,2709
1894,2708
1895,2707
1896,2706
1897,2705
1898,2704
1899,2703
1900,2702
1901,2701
1902,2700
1903,2699
1904,2698
1905,2697
1906,2696
1907,2695
1908,2695
1909,2694
1910,2694
1911,2693
1912,2692
1913,2693
1914,2692
1915,2691
1916,2691
1917,2691
1918,2690
1919,2690
1920,2692
1921,2691
1922,2690
1923,2689
1924,2688
1925,2687
1926,2686
1927,2685
1928,2684
1929,2690
1930,2689
1931,2688
1932,2688
1933,2687
1934,2686
1935,2685
1936,2684
1937,2684
1938,2684
1939,2683
1940,2682
1941,2681
1942,2680
1943,2681
1944,2680
1945,2684
1946,2683
1947,2682
1948,2681
1949,2680
1950,2679
1951,2684
1952,2683
1953,2682
1954,2681
1955,2680
1956,2679
1957,2678
1958,2677
1959,2676
1960,2675
1961,2674
1962,2673
1963,2672
1964,2671
1965,2670
1966,2669
1967,2668
1968,2667
1969,2666
1970,2667
1971,2666
1972,2665
1973,2665
1974,2664
1975,2663
1976,2662
1977,2661
1978,2660
1979,2660
1980,2661
1981,2662
1982,2662
1983,2661
1984,2660
1985,2659
1986,2660
1987,2660
1988,2660
1989,2659
1990,2658
1991,2658
1992,2657
1993,2657
1994,2656
1995,2657
1996,2657
1997,2656
1998,2657
1999,2657
2000,2656
2001,2655
2002,2654
2003,2653
2004,2654
2005,2653
2006,2652
2007,2651
2008,2674
2009,2673
2010,2672
2011,2671
2012,2670
2013,2669
2014,2669
2015,2668
2016,2667
2017,2666
2018,2665
2019,2664
2020,2663
2021,2662
2022,2662
2023,2661
2024,2660
2025,2659
2026,2659
2027,2659
2028,2659
2029,2658
2030,2661
2031,2661
2032,2663
2033,2662
2034,2661
2035,2660
2036,2659
2037,2658
2038,2660
2039,2659
2040,2658
2041,2657
2042,2656
2043,2656
2044,2655
2045,2654
2046,2663
2047,2663
2048,2662
2049,2661
2050,2660
2051,2659
2052,2658
2053,2657
2054,2656
2055,2659
2056,2658
2057,2657
2058,2656
2059,2658
2060,2657
2061,2656
2062,2655
2063,2654
2064,2656
2065,2660
2066,2659
2067,2658
2068,2657
2069,2656
2070,2655
2071,2654
2072,2653
2073,2652
2074,2651
2075,2650
2076,2649
2077,2649
2078,2648
2079,2647
2080,2646
2081,2645
2082,2645
2083,2644
2084,2644
2085,2643
2086,2642
2087,2641
2088,2641
2089,2641
2090,2640
2091,2639
2092,2638
2093,2637
2094,2636
2095,2637
2096,2636
2097,2638
2098,2637
2099,2636
2100,2635
2101,2634
2102,2633
2103,2632
2104,2631
2105,2630
2106,2629
2107,2628
2108,2627
2109,2627
2110,2626
2111,2626
2112,2625
2113,2624
2114,2624
2115,2623
2116,2622
2117,2622
2118,2621
2119,2620
2120,2619
2121,2618
2122,2617
2123,2616
2124,2615
2125,2615
2126,2614
2127,2613
2128,2612
2129,2611
2130,2610
2131,2609
2132,2621
2133,2620
2134,2619
2135,2618
2136,2618
2137,2617
2138,2616
2139,2615
2140,2614
2141,2613
2142,2616
2143,2615
2144,2614
2145,2613
2146,2612
2147,2611
2148,2610
2149,2609
2150,2608
2151,2607
2152,2606
2153,2605
2154,2604
2155,2605
2156,2604
2157,2603
2158,2602
2159,2601
2160,2600
2161,2599
2162,2599
2163,2600
2164,2599
2165,2598
2166,2599
2167,2598
2168,2597
2169,2596
2170,2595
2171,2594
2172,2593
2173,2592
2174,2591
2175,2591
2176,2590
2177,2589
2178,2589
2179,2588
2180,2588
2181,2587
2182,2586
2183,2585
2184,2584
2185,2583
2186,2594
2187,2595
2188,2594
2189,2593
2190,2592
2191,2591
2192,2590
2193,2591
2194,2590
2195,2589
2196,2588
2197,2589
2198,2588
2199,2588
2200,2588
2201,2587
2202,2586
2203,2585
2204,2584
2205,2585
2206,2584
2207,2583
2208,2582
2209,2581
2210,2580
2211,2579
2212,2580
2213,2579
2214,2578
2215,2577
2216,2576
2217,2575
2218,2574
2219,2573
2220,2572
2221,2572
2222,2572
2223,2572
2224,2571
2225,2570
2226,2569
2227,2569
2228,2588
2229,2587
2230,2586
2231,2585
2232,2584
2233,2583
2234,2582
2235,2581
2236,2580
2237,2579
2238,2578
2239,2577
2240,2577
2241,2576
2242,2575
2243,2574
2244,2574
2245,2573
2246,2578
2247,2577
2248,2576
2249,2576
2250,2575
2251,2574
2252,2574
2253,2573
2254,2573
2255,2572
2256,2571
2257,2571
2258,2572
2259,2571
2260,2570
2261,2569
2262,2569
2263,2574
2264,2573
2265,2573
2266,2572
2267,2571
2268,2570
2269,2570
2270,2569
2271,2569
2272,2568
2273,2567
2274,2566
2275,2565
2276,2564
2277,2563
2278,2562
2279,2563
2280,2562
2281,2561
2282,2560
2283,2559
2284,2563
2285,2562
2286,2561
2287,2560
2288,2559
2289,2558
2290,2557
2291,2556
2292,2561
2293,2562
2294,2561
2295,2560
2296,2559
2297,2558
2298,2557
2299,2558
2300,2559
2301,2560
2302,2560
2303,2559
2304,2565
2305,2565
2306,2564
2307,2563
2308,2562
2309,2564
2310,2564
2311,2564
2312,2563
2313,2562
2314,2561
2315,2560
2316,2559
2317,2558
2318,2557
2319,2556
2320,2556
2321,2555
2322,2554
2323,2555
2324,2554
2325,2563
2326,2562
2327,2563
2328,2562
2329,2561
2330,2560
2331,2559
2332,2559
2333,2558
2334,2558
2335,2558
2336,2565
2337,2564
2338,2563
2339,2562
2340,2561
2341,2564
2342,2563
2343,2563
2344,2562
2345,2561
2346,2560
2347,2560
2348,2560
2349,2560
2350,2559
2351,2561
2352,2560
2353,2561
2354,2560
2355,2559
2356,2558
2357,2557
2358,2556
2359,2555
2360,2554
2361,2553
2362,2552
2363,2551
2364,2550
2365,2549
2366,2548
2367,2547
2368,2546
2369,2545
2370,2544
2371,2544
2372,2543
2373,2542
2374,2541
2375,2540
2376,2540
2377,2541
2378,2540
2379,2539
2380,2538
2381,2538
2382,2537
2383,2538
2384,2537
2385,2537
2386,2536
2387,2535
2388,2534
2389,2533
2390,2532
2391,2531
2392,2530
2393,2529
2394,2528
2395,2527
2396,2526
2397,2525
2398,2526
2399,2525
2400,2524
2401,2523
2402,2522
2403,2521
2404,2520
2405,2519
2406,2518
2407,2518
2408,2517
2409,2518
2410,2517
2411,2517
2412,2516
2413,2515
2414,2514
2415,2513
2416,2512
2417,2512
2418,2511
2419,2514
2420,2513
2421,2512
2422,2511
2423,2510
2424,2509
2425,2508
2426,2507
2427,2506
2428,2505
2429,2504
2430,2503
2431,2503
2432,2502
2433,2503
2434,2503
2435,2502
2436,2501
2437,2500
2438,2499
2439,2498
2440,2497
2441,2496
2442,2495
2443,2494
2444,2493
2445,2498
2446,2497
2447,2496
2448,2495
2449,2494
2450,2495
2451,2494
2452,2493
2453,2492
2454,2491
2455,2490
2456,2489
2457,2489
2458,2496
2459,2495
2460,2494
2461,2495
2462,2494
2463,2496
2464,2495
2465,2494
2466,2493
2467,2492
2468,2491
2469,2490
2470,2489
2471,2488
2472,2488
2473,2487
2474,2486
2475,2485
2476,2484
2477,2483
2478,2482
2479,2482
2480,2481
2481,2480
2482,2479
2483,2481
2484,2480
2485,2479
2486,2479
2487,2478
2488,2477
2489,2476
2490,2475
2491,2474
2492,2473
2493,2472
2494,2471
2495,2472
2496,2471
2497,2471
2498,2470
2499,2469
2500,2468
2501,2467
2502,2466
2503,2465
2504,2464
2505,2463
2506,2462
2507,2461
2508,2460
2509,2459
2510,2458
2511,2457
2512,2458
2513,2457
2514,2456
2515,2456
2516,2459
2517,2458
2518,2457
2519,2456
2520,2455
2521,2456
2522,2455
2523,2454
2524,2453
2525,2453
2526,2452
2527,2451
2528,2450
2529,2449
2530,2448
2531,2447
2532,2446
2533,2445
2534,2444
2535,2444
2536,2443
2537,2445
2538,2444
2539,2443
2540,2442
2541,2441
2542,2440
2543,2440
2544,2440
2545,2440
2546,2439
2547,2438
2548,2437
2549,2436
2550,2435
2551,2434
2552,2434
2553,2435
2554,2434
2555,2433
2556,2432
2557,2431
2558,2430
2559,2429
2560,2428
2561,2427
2562,2426
2563,2425
2564,2424
2565,2423
2566,2423
2567,2422
2568,2421
2569,2420
2570,2420
2571,2419
2572,2418
2573,2417
2574,2416
2575,2415
2576,2414
2577,2413
2578,2412
2579,2411
2580,2410
2581,2409
2582,2410
2583,2409
2584,2409
2585,2408
2586,2407
2587,2406
2588,2405
2589,2404
2590,2404
2591,2407
2592,2406
2593,2405
2594,2404
2595,2403
2596,2402
2597,2401
2598,2400
2599,2399
2600,2398
2601,2397
2602,2396
2603,2395
2604,2394
2605,2394
2606,2395
2607,2394
2608,2393
2609,2392
2610,2391
2611,2390
2612,2389
2613,2392
2614,2391
2615,2390
2616,2389
2617,2388
2618,2387
2619,2386
2620,2385
2621,2384
2622,2383
2623,2382
2624,2381
2625,2380
2626,2379
2627,2378
2628,2377
2629,2376
2630,2375
2631,2374
2632,2374
2633,2373
2634,2373
2635,2372
2636,2372
2637,2371
2638,2371
2639,2370
2640,2369
2641,2368
2642,2367
2643,2366
2644,2365
2645,2364
2646,2368
2647,2368
2648,2367
2649,2366
2650,2365
2651,2364
2652,2364
2653,2363
2654,2362
2655,2361
2656,2360
2657,2359
2658,2358
2659,2358
2660,2357
2661,2356
2662,2355
2663,2354
2664,2355
2665,2356
2666,2355
2667,2355
2668,2354
2669,2353
2670,2352
2671,2351
2672,2350
2673,2349
2674,2348
2675,2349
2676,2348
2677,2347
2678,2346
2679,2345
2680,2344
2681,2343
2682,2342
2683,2341
2684,2340
2685,2339
2686,2338
2687,2337
2688,2336
2689,2335
2690,2334
2691,2334
2692,2333
2693,2333
2694,2335
2695,2334
2696,2333
2697,2332
2698,2331
2699,2330
2700,2329
2701,2328
2702,2327
2703,2326
2704,2325
2705,2324
2706,2323
2707,2322
2708,2321
2709,2320
2710,2319
2711,2318
2712,2318
2713,2317
2714,2316
2715,2317
2716,2316
2717,2316
2718,2319
2719,2319
2720,2318
2721,2317
2722,2316
2723,2315
2724,2314
2725,2320
2726,2319
2727,2318
2728,2317
2729,2316
2730,2318
2731,2317
2732,2316
2733,2316
2734,2315
2735,2314
2736,2313
2737,2312
2738,2311
2739,2310
2740,2310
2741,2309
2742,2308
2743,2307
2744,2306
2745,2305
2746,2304
2747,2303
2748,2302
2749,2301
2750,2300
2751,2299
2752,2298
2753,2297
2754,2296
2755,2295
2756,2294
2757,2293
2758,2292
2759,2291
2760,2290
2761,2289
2762,2288
2763,2287
2764,2286
2765,2285
2766,2284
2767,2283
2768,2289
2769,2288
2770,2287
2771,2286
2772,2285
2773,2284
2774,2283
2775,2282
2776,2281
2777,2281
2778,2280
2779,2279
2780,2278
2781,2277
2782,2277
2783,2276
2784,2275
2785,2274
2786,2273
2787,2272
2788,2271
2789,2272
2790,2271
2791,2270
2792,2269
2793,2268
2794,2267
2795,2266
2796,2268
2797,2267
2798,2267
2799,2266
2800,2266
2801,2266
2802,2265
2803,2264
2804,2263
2805,2263
2806,2262
2807,2262
2808,2261
2809,2260
2810,2259
2811,2258
2812,2257
2813,2256
2814,2255
2815,2254
2816,2253
2817,2252
2818,2251
2819,2250
2820,2249
2821,2248
2822,2247
2823,2246
2824,2245
2825,2244
2826,2243
2827,2242
2828,2241
2829,2240
2830,2239
2831,2239
2832,2238
2833,2237
2834,2236
2835,2235
2836,2234
2837,2233
2838,2232
2839,2231
2840,2230
2841,2229
2842,2228
2843,2227
2844,2226
2845,2225
2846,2224
2847,2223
2848,2222
2849,2222
2850,2221
2851,2220
2852,2219
2853,2218
2854,2217
2855,2216
2856,2216
2857,2216
2858,2215
2859,2214
2860,2213
2861,2212
2862,2211
2863,2212
2864,2211
2865,2210
2866,2209
2867,2210
2868,2209
2869,2208
2870,2207
2871,2206
2872,2205
2873,2204
2874,2203
2875,2202
2876,2203
2877,2202
2878,2201
2879,2200
2880,2199
2881,2198
2882,2197
2883,2196
2884,2195
2885,2194
2886,2193
2887,2192
2888,2191
2889,2197
2890,2196
2891,2195
2892,2194
2893,2193
2894,2192
2895,2191
2896,2194
2897,2193
2898,2192
2899,2191
2900,2194
2901,2193
2902,2192
2903,2191
2904,2191
2905,2190
2906,2189
2907,2188
2908,2189
2909,2188
2910,2187
2911,2186
2912,2185
2913,2185
2914,2184
2915,2183
2916,2185
2917,2184
2918,2183
2919,2182
2920,2181
2921,2180
2922,2179
2923,2178
2924,2177
2925,2176
2926,2175
2927,2175
2928,2174
2929,2174
2930,2173
2931,2172
2932,2172
2933,2171
2934,2170
2935,2169
2936,2168
2937,2167
2938,2166
2939,2165
2940,2164
2941,2163
2942,2162
2943,2161
2944,2160
2945,2159
2946,2158
2947,2157
2948,2158
2949,2157
2950,2156
2951,2155
2952,2154
2953,2153
2954,2152
2955,2152
2956,2151
2957,2150
2958,2149
2959,2148
2960,2147
2961,2146
2962,2145
2963,2146
2964,2145
2965,2144
2966,2143
2967,2142
2968,2145
2969,2144
2970,2143
2971,2142
2972,2141
2973,2140
2974,2139
2975,2139
2976,2138
2977,2137
2978,2136
2979,2137
2980,2137
2981,2136
2982,2135
2983,2134
2984,2133
2985,2132
2986,2131
2987,2130
2988,2129
2989,2128
2990,2127
2991,2128
2992,2127
2993,2126
2994,2132
2995,2131
2996,2130
2997,2130
2998,2129
2999,2128
3000,2127
3001,2126
3002,2125
3003,2124
3004,2124
3005,2123
3006,2122
3007,2121
3008,2120
3009,2119
3010,2118
3011,2117
3012,2121
3013,2120
3014,2119
3015,2118
3016,2117
3017,2116
3018,2115
3019,2114
3020,2113
3021,2112
3022,2111
3023,2110
3024,2109
3025,2108
3026,2107
3027,2106
3028,2106
3029,2105
3030,2105
3031,2104
3032,2104
3033,2103
3034,2102
3035,2101
3036,2100
3037,2099
3038,2098
3039,2097
3040,2096
3041,2095
3042,2094
3043,2093
3044,2092
3045,2091
3046,2090
3047,2089
3048,2088
3049,2087
3050,2086
3051,2085
3052,2084
3053,2083
3054,2082
3055,2081
3056,2085
3057,2084
3058,2083
3059,2082
3060,2081
3061,2080
3062,2079
3063,2078
3064,2077
3065,2076
3066,2075
3067,2074
3068,2073
3069,2072
3070,2071
3071,2070
3072,2069
3073,2068
3074,2067
3075,2066
3076,2065
3077,2064
3078,2064
3079,2066
3080,2065
3081,2064
3082,2063
3083,2062
3084,2061
3085,2060
3086,2059
3087,2058
3088,2057
3089,2056
3090,2055
3091,2054
3092,2053
3093,2052
3094,2051
3095,2050
3096,2049
3097,2048
3098,2047
3099,2046
3100,2045
3101,2044
3102,2043
3103,2042
3104,2041
3105,2040
3106,2039
3107,2038
3108,2040
3109,2039
3110,2038
3111,2048
3112,2047
3113,2046
3114,2045
3115,2044
3116,2043
3117,2042
3118,2041
3119,2040
3120,2039
3121,2038
3122,2037
3123,2037
3124,2036
3125,2035
3126,2034
3127,2033
3128,2032
3129,2033
3130,2032
3131,2031
3132,2031
3133,2030
3134,2029
3135,2028
3136,2027
3137,2027
3138,2026
3139,2025
3140,2027
3141,2026
3142,2025
3143,2024
3144,2023
3145,2022
3146,2022
3147,2021
3148,2020
3149,2019
3150,2018
3151,2017
3152,2016
3153,2015
3154,2014
3155,2013
3156,2012
3157,2012
3158,2011
3159,2010
3160,2009
3161,2008
3162,2007
3163,2006
3164,2005
3165,2004
3166,2003
3167,2003
3168,2002
3169,2001
3170,2000
3171,1999
3172,1998
3173,1999
3174,1998
3175,1998
3176,1997
3177,1996
3178,1996
3179,1995
3180,1994
3181,1993
3182,1992
3183,1993
3184,1992
3185,1992
3186,1991
3187,1990
3188,1990
3189,1989
3190,1988
3191,1987
3192,1986
3193,1985
3194,1984
3195,1983
3196,1983
3197,1982
3198,1983
3199,1985
3200,1984
3201,1983
3202,1982
3203,1981
3204,1980
3205,1979
3206,1978
3207,1977
3208,1976
3209,1975
3210,1974
3211,1973
3212,1972
3213,1971
3214,1970
3215,1970
3216,1969
3217,1969
3218,1968
3219,1967
3220,1966
3221,1965
3222,1966
3223,1965
3224,1964
3225,1964
3226,1963
3227,1963
3228,1962
3229,1961
3230,1960
3231,1959
3232,1958
3233,1957
3234,1956
3235,1955
3236,1954
3237,1953
3238,1952
3239,1951
3240,1950
3241,1949
3242,1948
3243,1947
3244,1946
3245,1945
3246,1944
3247,1943
3248,1942
3249,1941
3250,1940
3251,1939
3252,1943
3253,1942
3254,1941
3255,1940
3256,1939
3257,1938
3258,1937
3259,1936
3260,1935
3261,1934
3262,1933
3263,1932
3264,1931
3265,1930
3266,1929
3267,1928
3268,1929
3269,1928
3270,1927
3271,1926
3272,1925
3273,1924
3274,1923
3275,1922
3276,1921
3277,1920
3278,1919
3279,1919
3280,1918
3281,1917
3282,1917
3283,1916
3284,1915
3285,1916
3286,1915
3287,1914
3288,1914
3289,1913
3290,1912
3291,1911
3292,1910
3293,1909
3294,1908
3295,1907
3296,1906
3297,1905
3298,1905
3299,1904
3300,1903
3301,1902
3302,1901
3303,1900
3304,1899
3305,1898
3306,1898
3307,1897
3308,1896
3309,1900
3310,1899
3311,1898
3312,1897
3313,1896
3314,1895
3315,1894
3316,1893
3317,1892
3318,1891
3319,1890
3320,1889
3321,1888
3322,1887
3323,1889
3324,1890
3325,1889
3326,1888
3327,1887
3328,1886
3329,1885
3330,1885
3331,1884
3332,1884
3333,1883
3334,1882
3335,1881
3336,1880
3337,1879
3338,1878
3339,1877
3340,1876
3341,1875
3342,1874
3343,1873
3344,1872
3345,1871
3346,1870
3347,1869
3348,1868
3349,1867
3350,1867
3351,1866
3352,1865
3353,1864
3354,1863
3355,1862
3356,1862
3357,1867
3358,1866
3359,1865
3360,1864
3361,1863
3362,1862
3363,1861
3364,1860
3365,1859
3366,1858
3367,1857
3368,1856
3369,1855
3370,1857
3371,1856
3372,1861
3373,1860
3374,1859
3375,1858
3376,1857
3377,1856
3378,1857
3379,1856
3380,1855
3381,1855
3382,1854
3383,1853
3384,1852
3385,1851
3386,1850
3387,1849
3388,1848
3389,1847
3390,1846
3391,1846
3392,1845
3393,1844
3394,1843
3395,1842
3396,1842
3397,1841
3398,1840
3399,1839
3400,1839
3401,1839
3402,1838
3403,1837
3404,1836
3405,1835
3406,1836
3407,1835
3408,1834
3409,1833
3410,1832
3411,1831
3412,1830
3413,1829
3414,1828
3415,1827
3416,1826
3417,1825
3418,1824
3419,1823
3420,1824
3421,1823
3422,1822
3423,1821
3424,1820
3425,1819
3426,1821
3427,1821
3428,1820
3429,1819
3430,1818
3431,1817
3432,1816
3433,1816
3434,1815
3435,1814
3436,1813
3437,1812
3438,1811
3439,1810
3440,1809
3441,1808
3442,1807
3443,1806
3444,1805
3445,1804
3446,1805
3447,1804
3448,1803
3449,1802
3450,1801
3451,1800
3452,1799
3453,1798
3454,1797
3455,1796
3456,1795
3457,1794
3458,1793
3459,1795
3460,1794
3461,1793
3462,1792
3463,1791
3464,1791
3465,1790
3466,1789
3467,1788
3468,1787
3469,1786
3470,1785
3471,1784
3472,1783
3473,1783
3474,1782
3475,1781
3476,1780
3477,1779
3478,1778
3479,1783
3480,1782
3481,1781
3482,1780
3483,1779
3484,1778
3485,1778
3486,1778
3487,1777
3488,1776
3489,1775
3490,1774
3491,1773
3492,1773
3493,1772
3494,1771
3495,1770
3496,1769
3497,1768
3498,1767
3499,1766
3500,1765
3501,1764
3502,1763
3503,1762
3504,1761
3505,1760
3506,1759
3507,1761
3508,1761
3509,1760
3510,1759
3511,1759
3512,1759
3513,1758
3514,1757
3515,1758
3516,1757
3517,1756
3518,1755
3519,1754
3520,1754
3521,1753
3522,1752
3523,1751
3524,1750
3525,1749
3526,1748
3527,1747
3528,1746
3529,1745
3530,1744
3531,1743
3532,1742
3533,1741
3534,1740
3535,1739
3536,1738
3537,1738
3538,1737
3539,1736
3540,1735
3541,1734
3542,1733
3543,1732
3544,1731
3545,1730
3546,1729
3547,1729
3548,1728
3549,1727
3550,1726
3551,1725
3552,1724
3553,1723
3554,1723
3555,1724
3556,1723
3557,1722
3558,1721
3559,1720
3560,1719
3561,1718
3562,1717
3563,1716
3564,1716
3565,1715
3566,1714
3567,1714
3568,1713
3569,1712
3570,1712
3571,1711
3572,1710
3573,1709
3574,1708
3575,1707
3576,1706
3577,1705
3578,1704
3579,1708
3580,1707
3581,1706
3582,1706
3583,1705
3584,1704
3585,1703
3586,1702
3587,1701
3588,1700
3589,1699
3590,1698
3591,1697
3592,1696
3593,1695
3594,1694
3595,1693
3596,1692
3597,1691
3598,1690
3599,1689
3600,1688
3601,1687
3602,1686
3603,1685
3604,1684
3605,1683
3606,1682
3607,1681
3608,1682
3609,1681
3610,1680
3611,1679
3612,1678
3613,1678
3614,1677
3615,1676
3616,1675
3617,1674
3618,1673
3619,1672
3620,1671
3621,1670
3622,1669
3623,1668
3624,1668
3625,1667
3626,1666
3627,1665
3628,1664
3629,1663
3630,1662
3631,1661
3632,1660
3633,1659
3634,1659
3635,1658
3636,1657
3637,1656
3638,1655
3639,1654
3640,1653
3641,1652
3642,1651
3643,1650
3644,1649
3645,1648
3646,1647
3647,1646
3648,1645
3649,1644
3650,1646
3651,1645
3652,1644
3653,1643
3654,1642
3655,1641
3656,1640
3657,1640
3658,1639
3659,1638
3660,1637
3661,1636
3662,1635
3663,1634
3664,1633
3665,1632
3666,1632
3667,1631
3668,1636
3669,1635
3670,1637
3671,1636
3672,1635
3673,1634
3674,1633
3675,1632
3676,1631
3677,1630
3678,1629
3679,1628
3680,1627
3681,1626
3682,1625
3683,1624
3684,1623
3685,1622
3686,1621
3687,1620
3688,1619
3689,1618
3690,1617
3691,1616
3692,1615
3693,1614
3694,1613
3695,1612
3696,1611
3697,1610
3698,1609
3699,1608
3700,1607
3701,1606
3702,1605
3703,1604
3704,1608
3705,1607
3706,1606
3707,1605
3708,1604
3709,1603
3710,1602
3711,1601
3712,1600
3713,1599
3714,1598
3715,1597
3716,1596
3717,1595
3718,1594
3719,1593
3720,1592
3721,1591
3722,1590
3723,1590
3724,1589
3725,1588
3726,1587
3727,1586
3728,1585
3729,1584
3730,1583
3731,1582
3732,1581
3733,1580
3734,1579
3735,1578
3736,1577
3737,1576
3738,1575
3739,1574
3740,1573
3741,1572
3742,1571
3743,1570
3744,1569
3745,1568
3746,1567
3747,1567
3748,1566
3749,1565
3750,1564
3751,1563
3752,1562
3753,1561
3754,1563
3755,1562
3756,1561
3757,1564
3758,1563
3759,1562
3760,1561
3761,1560
3762,1559
3763,1558
3764,1557
3765,1558
3766,1557
3767,1556
3768,1555
3769,1554
3770,1553
3771,1552
3772,1551
3773,1550
3774,1549
3775,1548
3776,1550
3777,1549
3778,1548
3779,1547
3780,1546
3781,1547
3782,1546
3783,1545
3784,1544
3785,1543
3786,1542
3787,1541
3788,1540
3789,1539
3790,1538
3791,1537
3792,1536
3793,1535
3794,1535
3795,1534
3796,1533
3797,1532
3798,1531
3799,1530
3800,1529
3801,1528
3802,1527
3803,1526
3804,1525
3805,1524
3806,1523
3807,1526
3808,1525
3809,1524
3810,1523
3811,1522
3812,1521
3813,1520
3814,1519
3815,1518
3816,1517
3817,1516
3818,1515
3819,1514
3820,1513
3821,1512
3822,1511
3823,1511
3824,1510
3825,1514
3826,1513
3827,1512
3828,1511
3829,1510
3830,1509
3831,1508
3832,1507
3833,1507
3834,1506
3835,1505
3836,1504
3837,1503
3838,1502
3839,1501
3840,1500
3841,1499
3842,1498
3843,1497
3844,1496
3845,1496
3846,1495
3847,1495
3848,1496
3849,1495
3850,1494
3851,1493
3852,1492
3853,1491
3854,1490
3855,1489
3856,1488
3857,1487
3858,1486
3859,1485
3860,1484
3861,1483
3862,1482
3863,1481
3864,1480
3865,1479
3866,1478
3867,1477
3868,1476
3869,1475
3870,1474
3871,1473
3872,1472
3873,1471
3874,1471
3875,1470
3876,1469
3877,1468
3878,1467
3879,1466
3880,1465
3881,1464
3882,1463
3883,1462
3884,1461
3885,1460
3886,1459
3887,1458
3888,1457
3889,1457
3890,1456
3891,1455
3892,1454
3893,1453
3894,1452
3895,1451
3896,1450
3897,1449
3898,1448
3899,1448
3900,1447
3901,1447
3902,1446
3903,1445
3904,1444
3905,1443
3906,1442
3907,1441
3908,1440
3909,1439
3910,1438
3911,1437
3912,1436
3913,1435
3914,1434
3915,1433
3916,1433
3917,1432
3918,1431
3919,1430
3920,1429
3921,1428
3922,1427
3923,1426
3924,1428
3925,1427
3926,1426
3927,1425
3928,1424
3929,1423
3930,1422
3931,1421
3932,1420
3933,1421
3934,1420
3935,1419
3936,1418
3937,1418
3938,1418
3939,1417
3940,1416
3941,1415
3942,1415
3943,1414
3944,1413
3945,1412
3946,1411
3947,1410
3948,1409
3949,1408
3950,1407
3951,1406
3952,1405
3953,1409
3954,1408
3955,1407
3956,1406
3957,1405
3958,1405
3959,1404
3960,1403
3961,1409
3962,1408
3963,1407
3964,1406
3965,1405
3966,1404
3967,1403
3968,1402
3969,1401
3970,1400
3971,1399
3972,1398
3973,1397
3974,1396
3975,1395
3976,1394
3977,1393
3978,1393
3979,1393
3980,1392
3981,1391
3982,1390
3983,1389
3984,1388
3985,1387
3986,1386
3987,1385
3988,1384
3989,1383
3990,1382
3991,1381
3992,1380
3993,1379
3994,1378
3995,1377
3996,1376
3997,1375
3998,1374
3999,1373
4000,1372
4001,1371
4002,1370
4003,1369
4004,1368
4005,1367
4006,1366
4007,1365
4008,1364
4009,1363
4010,1362
4011,1361
4012,1360
4013,1364
4014,1363
4015,1362
4016,1361
4017,1360
4018,1372
4019,1371
4020,1370
4021,1369
4022,1368
4023,1367
4024,1366
4025,1365
4026,1365
4027,1364
4028,1363
4029,1362
4030,1361
4031,1360
4032,1359
4033,1358
4034,1357
4035,1356
4036,1355
4037,1354
4038,1353
4039,1352
4040,1351
4041,1352
4042,1351
4043,1350
4044,1349
4045,1348
4046,1347
4047,1346
4048,1345
4049,1344
4050,1343
4051,1342
4052,1341
4053,1340
4054,1339
4055,1338
4056,1337
4057,1336
4058,1335
4059,1334
4060,1333
4061,1333
4062,1332
4063,1331
4064,1330
4065,1329
4066,1328
4067,1327
4068,1326
4069,1325
4070,1324
4071,1324
4072,1323
4073,1322
4074,1321
4075,1320
4076,1319
4077,1319
4078,1318
4079,1317
4080,1317
4081,1316
4082,1316
4083,1315
4084,1314
4085,1313
4086,1312
4087,1311
4088,1310
4089,1309
4090,1308
4091,1307
4092,1306
4093,1305
4094,1305
4095,1304
4096,1303
4097,1308
4098,1307
4099,1306
4100,1305
4101,1304
4102,1303
4103,1303
4104,1302
4105,1301
4106,1300
4107,1299
4108,1298
4109,1297
4110,1296
4111,1295
4112,1295
4113,1294
4114,1293
4115,1292
4116,1291
4117,1290
4118,1289
4119,1288
4120,1287
4121,1286
4122,1285
4123,1284
4124,1283
4125,1282
4126,1281
4127,1280
4128,1279
4129,1278
4130,1277
4131,1276
4132,1275
4133,1276
4134,1275
4135,1274
4136,1273
4137,1272
4138,1271
4139,1270
4140,1269
4141,1268
4142,1267
4143,1266
4144,1265
4145,1264
4146,1263
4147,1262
4148,1264
4149,1263
4150,1262
4151,1261
4152,1260
4153,1259
4154,1259
4155,1258
4156,1257
4157,1256
4158,1255
4159,1254
4160,1253
4161,1252
4162,1251
4163,1250
4164,1249
4165,1248
4166,1247
4167,1246
4168,1245
4169,1244
4170,1243
4171,1242
4172,1241
4173,1240
4174,1239
4175,1238
4176,1237
4177,1236
4178,1235
4179,1234
4180,1233
4181,1239
4182,1238
4183,1237
4184,1236
4185,1235
4186,1234
4187,1233
4188,1232
4189,1231
4190,1230
4191,1229
4192,1228
4193,1227
4194,1226
4195,1225
4196,1224
4197,1223
4198,1222
4199,1221
4200,1220
4201,1219
4202,1218
4203,1217
4204,1216
4205,1215
4206,1214
4207,1213
4208,1212
4209,1211
4210,1211
4211,1210
4212,1209
4213,1208
4214,1207
4215,1206
4216,1205
4217,1204
4218,1203
4219,1202
4220,1201
4221,1200
4222,1199
4223,1198
4224,1197
4225,1196
4226,1195
4227,1194
4228,1193
4229,1192
4230,1191
4231,1190
4232,1189
4233,1188
4234,1187
4235,1186
4236,1185
4237,1184
4238,1183
4239,1182
4240,1181
4241,1180
4242,1179
4243,1178
4244,1177
4245,1176
4246,1175
4247,1175
4248,1174
4249,1173
4250,1172
4251,1171
4252,1170
4253,1169
4254,1168
4255,1167
4256,1166
4257,1165
4258,1164
4259,1164
4260,1163
4261,1162
4262,1161
4263,1160
4264,1159
4265,1164
4266,1163
4267,1162
4268,1163
4269,1162
4270,1161
4271,1160
4272,1159
4273,1158
4274,1157
4275,1156
4276,1155
4277,1154
4278,1153
4279,1152
4280,1151
4281,1150
4282,1149
4283,1148
4284,1147
4285,1146
4286,1145
4287,1144
4288,1143
4289,1143
4290,1142
4291,1141
4292,1140
4293,1139
4294,1138
4295,1137
4296,1136
4297,1135
4298,1134
4299,1133
4300,1132
4301,1131
4302,1130
4303,1129
4304,1128
4305,1127
4306,1126
4307,1125
4308,1124
4309,1123
4310,1122
4311,1122
4312,1121
4313,1120
4314,1119
4315,1118
4316,1117
4317,1116
4318,1115
4319,1114
4320,1113
4321,1112
4322,1111
4323,1110
4324,1109
4325,1108
4326,1107
4327,1106
4328,1105
4329,1104
4330,1103
4331,1102
4332,1101
4333,1100
4334,1099
4335,1098
4336,1097
4337,1096
4338,1095
4339,1094
4340,1093
4341,1092
4342,1091
4343,1090
4344,1090
4345,1089
4346,1089
4347,1088
4348,1087
4349,1086
4350,1085
4351,1084
4352,1083
4353,1082
4354,1081
4355,1080
4356,1079
4357,1078
4358,1077
4359,1076
4360,1076
4361,1076
4362,1075
4363,1074
4364,1073
4365,1072
4366,1071
4367,1070
4368,1069
4369,1068
4370,1067
4371,1067
4372,1066
4373,1065
4374,1064
4375,1063
4376,1062
4377,1061
4378,1060
4379,1059
4380,1058
4381,1057
4382,1056
4383,1055
4384,1054
4385,1053
4386,1054
4387,1054
4388,1053
4389,1052
4390,1051
4391,1050
4392,1049
4393,1048
4394,1049
4395,1048
4396,1047
4397,1046
4398,1045
4399,1044
4400,1043
4401,1042
4402,1041
4403,1040
4404,1039
4405,1038
4406,1037
4407,1036
4408,1035
4409,1034
4410,1033
4411,1032
4412,1031
4413,1030
4414,1029
4415,1029
4416,1028
4417,1027
4418,1026
4419,1025
4420,1024
4421,1023
4422,1022
4423,1021
4424,1020
4425,1019
4426,1018
4427,1017
4428,1016
4429,1015
4430,1014
4431,1013
4432,1012
4433,1011
4434,1010
4435,1009
4436,1008
4437,1007
4438,1006
4439,1005
4440,1004
4441,1003
4442,1003
4443,1002
4444,1001
4445,1000
4446,999
4447,998
4448,997
4449,996
4450,995
4451,994
4452,994
4453,993
4454,992
4455,991
4456,990
4457,989
4458,988
4459,987
4460,986
4461,985
4462,984
4463,983
4464,982
4465,981
4466,980
4467,979
4468,978
4469,977
4470,976
4471,975
4472,974
4473,973
4474,972
4475,971
4476,970
4477,970
4478,969
4479,968
4480,967
4481,966
4482,965
4483,964
4484,963
4485,962
4486,961
4487,964
4488,963
4489,962
4490,961
4491,960
4492,959
4493,958
4494,957
4495,956
4496,955
4497,954
4498,953
4499,952
4500,954
4501,953
4502,952
4503,951
4504,950
4505,949
4506,948
4507,947
4508,946
4509,945
4510,944
4511,943
4512,942
4513,941
4514,940
4515,939
4516,938
4517,937
4518,936
4519,935
4520,934
4521,933
4522,932
4523,931
4524,930
4525,929
4526,928
4527,927
4528,926
4529,926
4530,925
4531,924
4532,923
4533,923
4534,922
4535,921
4536,920
4537,919
4538,919
4539,918
4540,917
4541,917
4542,916
4543,915
4544,914
4545,913
4546,912
4547,911
4548,910
4549,910
4550,909
4551,908
4552,907
4553,906
4554,906
4555,905
4556,904
4557,903
4558,902
4559,901
4560,900
4561,899
4562,898
4563,897
4564,897
4565,896
4566,895
4567,894
4568,893
4569,892
4570,891
4571,890
4572,889
4573,889
4574,888
4575,887
4576,886
4577,885
4578,884
4579,883
4580,882
4581,881
4582,880
4583,879
4584,878
4585,877
4586,876
4587,875
4588,874
4589,873
4590,872
4591,871
4592,870
4593,869
4594,868
4595,868
4596,867
4597,866
4598,865
4599,864
4600,863
4601,862
4602,861
4603,868
4604,867
4605,866
4606,865
4607,864
4608,863
4609,862
4610,861
4611,860
4612,859
4613,866
4614,865
4615,864
4616,863
4617,862
4618,861
4619,860
4620,859
4621,858
4622,857
4623,856
4624,855
4625,854
4626,853
4627,852
4628,851
4629,850
4630,849
4631,848
4632,847
4633,846
4634,845
4635,845
4636,844
4637,843
4638,842
4639,841
4640,840
4641,839
4642,838
4643,837
4644,836
4645,835
4646,834
4647,833
4648,832
4649,831
4650,830
4651,829
4652,828
4653,827
4654,826
4655,830
4656,829
4657,828
4658,827
4659,826
4660,825
4661,824
4662,823
4663,822
4664,821
4665,820
4666,820
4667,819
4668,818
4669,822
4670,821
4671,820
4672,819
4673,818
4674,817
4675,816
4676,815
4677,814
4678,814
4679,813
4680,812
4681,811
4682,810
4683,809
4684,808
4685,807
4686,806
4687,805
4688,804
4689,803
4690,802
4691,801
4692,800
4693,799
4694,798
4695,797
4696,796
4697,795
4698,794
4699,793
4700,792
4701,791
4702,790
4703,789
4704,788
4705,787
4706,786
4707,785
4708,784
4709,783
4710,782
4711,781
4712,780
4713,787
4714,786
4715,785
4716,784
4717,784
4718,783
4719,782
4720,781
4721,780
4722,779
4723,778
4724,777
4725,776
4726,775
4727,774
4728,773
4729,778
4730,777
4731,776
4732,775
4733,774
4734,773
4735,772
4736,771
4737,770
4738,770
4739,769
4740,768
4741,768
4742,767
4743,766
4744,765
4745,764
4746,763
4747,762
4748,761
4749,762
4750,761
4751,760
4752,763
4753,762
4754,761
4755,760
4756,759
4757,758
4758,757
4759,756
4760,755
4761,754
4762,753
4763,752
4764,757
4765,756
4766,755
4767,754
4768,753
4769,752
4770,751
4771,750
4772,749
4773,748
4774,747
4775,746
4776,746
4777,745
4778,744
4779,743
4780,742
4781,742
4782,741
4783,740
4784,739
4785,738
4786,737
4787,736
4788,735
4789,734
4790,733
4791,732
4792,731
4793,731
4794,730
4795,729
4796,728
4797,728
4798,727
4799,726
4800,725
4801,724
4802,724
4803,723
4804,722
4805,721
4806,720
4807,719
4808,718
4809,717
4810,716
4811,715
4812,714
4813,713
4814,712
4815,711
4816,710
4817,709
4818,708
4819,707
4820,706
4821,705
4822,704
4823,703
4824,702
4825,701
4826,701
4827,700
4828,699
4829,698
4830,697
4831,696
4832,695
4833,695
4834,694
4835,693
4836,692
4837,691
4838,690
4839,689
4840,688
4841,687
4842,686
4843,685
4844,684
4845,683
4846,682
4847,681
4848,680
4849,680
4850,679
4851,678
4852,677
4853,676
4854,675
4855,674
4856,673
4857,672
4858,671
4859,670
4860,669
4861,668
4862,667
4863,666
4864,665
4865,664
4866,663
4867,662
4868,661
4869,660
4870,659
4871,658
4872,657
4873,656
4874,655
4875,654
4876,653
4877,652
4878,651
4879,650
4880,649
4881,648
4882,647
4883,646
4884,645
4885,644
4886,644
4887,643
4888,642
4889,641
4890,640
4891,639
4892,638
4893,637
4894,636
4895,635
4896,634
4897,633
4898,632
4899,631
4900,630
4901,629
4902,628
4903,627
4904,626
4905,625
4906,624
4907,623
4908,622
4909,621
4910,620
4911,625
4912,624
4913,623
4914,622
4915,621
4916,620
4917,620
4918,619
4919,618
4920,619
4921,618
4922,617
4923,616
4924,615
4925,614
4926,613
4927,612
4928,611
4929,610
4930,609
4931,608
4932,607
4933,606
4934,605
4935,604
4936,603
4937,602
4938,607
4939,606
4940,605
4941,604
4942,603
4943,602
4944,601
4945,600
4946,599
4947,599
4948,599
4949,598
4950,597
4951,596
4952,595
4953,594
4954,593
4955,592
4956,591
4957,590
4958,589
4959,588
4960,587
4961,586
4962,585
4963,584
4964,583
4965,582
4966,581
4967,580
4968,579
4969,578
4970,577
4971,576
4972,576
4973,575
4974,574
4975,573
4976,572
4977,571
4978,570
4979,569
4980,568
4981,567
4982,566
4983,565
4984,564
4985,563
4986,562
4987,561
4988,560
4989,559
4990,558
4991,557
4992,556
4993,555
4994,554
4995,553
4996,552
4997,551
4998,550
4999,549
5000,548
5001,547
5002,565
5003,564
5004,563
5005,565
5006,564
5007,563
5008,562
5009,561
5010,560
5011,559
5012,558
5013,559
5014,558
5015,557
5016,556
5017,555
5018,554
5019,553
5020,552
5021,551
5022,550
5023,549
5024,548
5025,547
5026,546
5027,545
5028,544
5029,543
5030,542
5031,545
5032,544
5033,543
5034,542
5035,541
5036,540
5037,539
5038,538
5039,537
5040,536
5041,535
5042,536
5043,535
5044,534
5045,533
5046,532
5047,531
5048,530
5049,529
5050,528
5051,528
5052,532
5053,531
5054,530
5055,529
5056,528
5057,527
5058,526
5059,525
5060,524
5061,523
5062,522
5063,521
5064,520
5065,519
5066,518
5067,517
5068,516
5069,515
5070,520
5071,519
5072,518
5073,517
5074,516
5075,518
5076,517
5077,518
5078,521
5079,520
5080,519
5081,518
5082,517
5083,516
5084,515
5085,514
5086,513
5087,512
5088,511
5089,510
5090,510
5091,509
5092,508
5093,507
5094,506
5095,505
5096,504
5097,503
5098,502
5099,501
5100,500
5101,499
5102,498
5103,497
5104,496
5105,495
5106,495
5107,494
5108,493
5109,492
5110,493
5111,492
5112,491
5113,490
5114,489
5115,488
5116,487
5117,486
5118,485
5119,484
5120,483
5121,482
5122,481
5123,480
5124,479
5125,479
5126,478
5127,477
5128,476
5129,475
5130,474
5131,473
5132,472
5133,471
5134,470
5135,469
5136,468
5137,467
5138,466
5139,465
5140,464
5141,463
5142,464
5143,463
5144,462
5145,461
5146,460
5147,459
5148,458
5149,457
5150,457
5151,456
5152,455
5153,460
5154,459
5155,458
5156,457
5157,456
5158,455
5159,454
5160,453
5161,475
5162,474
5163,473
5164,472
5165,471
5166,470
5167,469
5168,468
5169,467
5170,466
5171,465
5172,464
5173,463
5174,462
5175,461
5176,460
5177,459
5178,458
5179,457
5180,456
5181,455
5182,454
5183,453
5184,452
5185,452
5186,451
5187,450
5188,450
5189,450
5190,449
5191,449
5192,448
5193,466
5194,465
5195,464
5196,463
5197,462
5198,461
5199,460
5200,459
5201,458
5202,457
5203,456
5204,455
5205,454
5206,453
5207,452
5208,451
5209,450
5210,449
5211,448
5212,447
5213,448
5214,447
5215,446
5216,447
5217,446
5218,445
5219,504
5220,503
5221,502
5222,501
5223,500
5224,499
5225,498
5226,497
5227,496
5228,495
5229,494
5230,493
5231,492
5232,491
5233,490
5234,489
5235,488
5236,487
5237,486
5238,485
5239,484
5240,483
5241,482
5242,481
5243,480
5244,479
5245,478
5246,477
5247,476
5248,475
5249,474
5250,473
5251,472
5252,471
5253,470
5254,469
5255,468
5256,467
5257,466
5258,465
5259,464
5260,463
5261,462
5262,461
5263,460
5264,459
5265,458
5266,457
5267,456
5268,455
5269,454
5270,453
5271,452
5272,451
5273,450
5274,449
5275,448
5276,447
5277,446
5278,445
5279,444
5280,450
5281,449
5282,454
5283,453
5284,452
5285,451
5286,451
5287,450
5288,449
5289,448
5290,447
5291,446
5292,446
5293,445
5294,444
5295,443
5296,442
5297,445
5298,444
5299,445
5300,444
5301,443
5302,442
5303,441
5304,441
5305,440
5306,440
5307,439
5308,441
5309,440
5310,439
5311,438
5312,440
5313,439
5314,438
5315,437
5316,441
5317,440
5318,439
5319,438
5320,437
5321,436
5322,435
5323,444
5324,443
5325,442
5326,441
5327,440
5328,439
5329,438
5330,437
5331,436
5332,435
5333,434
5334,434
5335,433
5336,432
5337,431
5338,431
5339,431
5340,430
5341,429
5342,433
5343,432
5344,431
5345,430
5346,429
5347,430
5348,429
5349,428
5350,434
5351,433
5352,432
5353,431
5354,430
5355,429
5356,428
5357,427
5358,426
5359,425
5360,426
5361,425
5362,424
5363,423
5364,423
5365,422
5366,450
5367,461
5368,460
5369,462
5370,465
5371,470
5372,469
5373,468
5374,467
5375,471
5376,470
5377,473
5378,473
5379,472
5380,471
5381,474
5382,473
5383,472
5384,471
5385,473
5386,474
5387,478
5388,477
5389,476
5390,475
5391,474
5392,473
5393,473
5394,472
5395,471
5396,470
5397,469
5398,469
5399,468
5400,467
5401,466
5402,465
5403,464
5404,463
5405,463
5406,462
5407,461
5408,462
5409,461
5410,467
5411,466
5412,466
5413,465
5414,464
5415,463
5416,462
5417,462
5418,461
5419,460
5420,459
5421,458
5422,457
5423,456
5424,455
5425,454
5426,465
5427,471
5428,473
5429,472
5430,471
5431,470
5432,469
5433,468
5434,467
5435,466
5436,465
5437,464
5438,463
5439,462
5440,461
5441,464
5442,463
5443,462
5444,461
5445,460
5446,460
5447,459
5448,458
5449,457
5450,456
5451,455
5452,454
5453,453
5454,452
5455,451
5456,450
5457,449
5458,449
5459,448
5460,447
5461,447
5462,446
5463,445
5464,444
5465,443
5466,442
5467,441
5468,440
5469,439
5470,438
5471,437
5472,436
5473,435
5474,434
5475,433
5476,432
5477,431
5478,430
5479,429
5480,428
5481,427
5482,426
5483,427
5484,426
5485,425
5486,449
5487,454
5488,455
5489,454
5490,459
5491,458
5492,457
5493,457
5494,456
5495,455
5496,454
5497,453
5498,452
5499,451
5500,450
5501,449
5502,448
5503,447
5504,446
5505,445
5506,444
5507,443
5508,442
5509,441
5510,440
5511,439
5512,438
5513,437
5514,437
5515,436
5516,435
5517,434
5518,433
5519,432
5520,431
5521,430
5522,429
5523,428
5524,427
5525,426
5526,426
5527,425
5528,424
5529,431
5530,431
5531,430
5532,429
5533,433
5534,432
5535,431
5536,430
5537,429
5538,428
5539,427
5540,426
5541,425
5542,428
5543,428
5544,427
5545,426
5546,429
5547,428
5548,427
5549,426
5550,425
5551,424
5552,458
5553,457
5554,456
5555,455
5556,454
5557,453
5558,452
5559,451
5560,450
5561,449
5562,448
5563,447
5564,446
5565,445
5566,444
5567,443
5568,442
5569,441
5570,440
5571,439
5572,438
5573,437
5574,436
5575,435
5576,434
5577,433
5578,432
5579,431
5580,430
5581,429
5582,428
5583,427
5584,426
5585,425
5586,424
5587,423
5588,422
5589,421
5590,429
5591,428
5592,427
5593,426
5594,425
5595,424
5596,423
5597,422
5598,421
5599,420
5600,426
5601,425
5602,424
5603,423
5604,422
5605,421
5606,420
5607,419
5608,419
5609,418
5610,430
5611,429
5612,428
5613,427
5614,426
5615,425
5616,424
5617,423
5618,422
5619,421
5620,420
5621,419
5622,418
5623,417
5624,420
5625,419
5626,418
5627,417
5628,416
5629,427
5630,426
5631,425
5632,424
5633,423
5634,422
5635,421
5636,420
5637,419
5638,418
5639,417
5640,416
5641,415
5642,414
5643,414
5644,413
5645,412
5646,413
5647,412
5648,411
5649,411
5650,410
5651,422
5652,421
5653,420
5654,419
5655,418
5656,417
5657,416
5658,415
5659,414
5660,413
5661,412
5662,411
5663,410
5664,409
5665,408
5666,411
5667,410
5668,409
5669,408
5670,407
5671,428
5672,427
5673,426
5674,425
5675,424
5676,423
5677,422
5678,421
5679,420
5680,419
5681,418
5682,417
5683,416
5684,415
5685,414
5686,413
5687,412
5688,411
5689,410
5690,409
5691,408
5692,407
5693,406
5694,411
5695,410
5696,409
5697,408
5698,407
5699,406
5700,405
5701,431
5702,430
5703,429
5704,428
5705,427
5706,426
5707,425
5708,424
5709,423
5710,423
5711,422
5712,421
5713,420
5714,419
5715,418
5716,417
5717,416
5718,415
5719,414
5720,413
5721,412
5722,411
5723,410
5724,409
5725,408
5726,407
5727,406
5728,405
5729,404
5730,405
5731,404
5732,403
5733,416
5734,418
5735,417
5736,417
5737,416
5738,415
5739,414
5740,413
5741,412
5742,411
5743,410
5744,409
5745,408
5746,407
5747,406
5748,405
5749,404
5750,403
5751,402
5752,401
5753,415
5754,414
5755,413
5756,412
5757,411
5758,410
5759,409
5760,408
5761,407
5762,406
5763,405
5764,404
5765,403
5766,402
5767,401
5768,400
5769,399
5770,401
5771,400
5772,399
5773,398
5774,415
5775,414
5776,413
5777,415
5778,418
5779,420
5780,423
5781,423
5782,423
5783,423
5784,422
5785,421
5786,420
5787,420
5788,419
5789,418
5790,417
5791,416
5792,415
5793,414
5794,413
5795,412
5796,411
5797,410
5798,409
5799,408
5800,407
5801,406
5802,406
5803,405
5804,404
5805,403
5806,402
5807,401
5808,400
5809,400
5810,399
5811,399
5812,398
5813,397
5814,396
5815,395
5816,397
5817,396
5818,395
5819,394
5820,445
5821,444
5822,444
5823,443
5824,442
5825,441
5826,440
5827,439
5828,438
5829,437
5830,436
5831,435
5832,434
5833,433
5834,432
5835,431
5836,430
5837,429
5838,428
5839,427
5840,426
5841,425
5842,424
5843,423
5844,422
5845,421
5846,420
5847,419
5848,418
5849,417
5850,416
5851,415
5852,414
5853,413
5854,412
5855,411
5856,412
5857,411
5858,410
5859,412
5860,411
5861,410
5862,409
5863,408
5864,407
5865,406
5866,405
5867,404
5868,403
5869,402
5870,401
5871,400
5872,399
5873,398
5874,397
5875,396
5876,395
5877,394
5878,393
5879,394
5880,393
5881,392
5882,399
5883,398
5884,397
5885,396
5886,395
5887,394
5888,393
5889,392
5890,404
5891,403
5892,403
5893,402
5894,401
5895,400
5896,399
5897,398
5898,397
5899,396
5900,395
5901,394
5902,393
5903,392
5904,391
5905,390
5906,390
5907,389
5908,390
5909,389
5910,388
5911,387
5912,395
5913,394
5914,393
5915,392
5916,391
5917,390
5918,389
5919,388
5920,387
5921,386
5922,385
5923,390
5924,389
5925,388
5926,387
5927,386
5928,385
5929,384
5930,391
5931,390
5932,389
5933,388
5934,387
5935,386
5936,385
5937,384
5938,383
5939,394
5940,396
5941,400
5942,399
5943,399
5944,398
5945,397
5946,396
5947,396
5948,395
5949,394
5950,394
5951,393
5952,392
5953,391
5954,390
5955,389
5956,388
5957,387
5958,386
5959,385
5960,384
5961,383
5962,382
5963,383
5964,382
5965,381
5966,381
5967,380
5968,381
5969,380
5970,379
5971,378
5972,377
5973,376
5974,375
5975,378
5976,377
5977,376
5978,375
5979,374
5980,374
5981,373
5982,373
5983,372
5984,373
5985,372
5986,372
5987,371
5988,372
5989,371
5990,370
5991,369
5992,383
5993,383
5994,382
5995,381
5996,380
5997,379
5998,378
5999,377
6000,376
6001,375
6002,374
6003,373
6004,372
6005,371
6006,370
6007,369
6008,368
6009,368
6010,367
6011,368
6012,367
6013,366
6014,367
6015,366
6016,365
6017,365
6018,364
6019,363
6020,362
6021,361
6022,360
6023,365
6024,364
6025,363
6026,362
6027,362
6028,361
6029,360
6030,359
6031,358
6032,357
6033,360
6034,359
6035,358
6036,357
6037,356
6038,355
6039,354
6040,384
6041,383
6042,382
6043,381
6044,380
6045,379
6046,378
6047,377
6048,376
6049,375
6050,374
6051,373
6052,372
6053,371
6054,370
6055,369
6056,368
6057,367
6058,366
6059,365
6060,364
6061,363
6062,362
6063,361
6064,360
6065,359
6066,358
6067,357
6068,356
6069,355
6070,354
6071,353
6072,353
6073,352
6074,351
6075,350
6076,349
6077,358
6078,357
6079,356
6080,355
6081,354
6082,353
6083,352
6084,351
6085,350
6086,349
6087,348
6088,347
6089,346
6090,347
6091,347
6092,346
6093,345
6094,348
6095,347
6096,346
6097,345
6098,344
6099,346
6100,345
6101,344
6102,343
6103,367
6104,366
6105,365
6106,364
6107,363
6108,362
6109,361
6110,360
6111,359
6112,358
6113,357
6114,356
6115,355
6116,354
6117,353
6118,352
6119,351
6120,350
6121,349
6122,348
6123,347
6124,346
6125,345
6126,344
6127,343
6128,342
6129,358
6130,357
6131,356
6132,355
6133,354
6134,353
6135,352
6136,351
6137,350
6138,349
6139,348
6140,347
6141,346
6142,345
6143,344
6144,343
6145,342
6146,341
6147,343
6148,342
6149,341
6150,340
6151,351
6152,350
6153,349
6154,348
6155,347
6156,346
6157,345
6158,344
6159,343
6160,342
6161,341
6162,340
6163,339
6164,339
6165,338
6166,338
6167,337
6168,340
6169,339
6170,338
6171,337
6172,336
6173,342
6174,341
6175,340
6176,339
6177,338
6178,337
6179,336
6180,335
6181,336
6182,335
6183,334
6184,334
6185,333
6186,333
6187,332
6188,331
6189,336
6190,335
6191,334
6192,333
6193,332
6194,331
6195,330
6196,331
6197,330
6198,329
6199,329
6200,328
6201,327
6202,326
6203,326
6204,325
6205,324
6206,327
6207,326
6208,325
6209,324
6210,323
6211,335
6212,334
6213,333
6214,332
6215,331
6216,330
6217,329
6218,328
6219,327
6220,326
6221,325
6222,324
6223,323
6224,322
6225,337
6226,336
6227,335
6228,334
6229,333
6230,332
6231,331
6232,330
6233,329
6234,328
6235,328
6236,327
6237,326
6238,325
6239,324
6240,323
6241,322
6242,321
6243,320
6244,324
6245,323
6246,322
6247,321
6248,320
6249,319
6250,320
6251,319
6252,318
6253,317
6254,316
6255,315
6256,314
6257,322
6258,321
6259,320
6260,319
6261,318
6262,317
6263,316
6264,315
6265,314
6266,313
6267,332
6268,331
6269,330
6270,329
6271,328
6272,327
6273,326
6274,325
6275,324
6276,323
6277,322
6278,321
6279,320
6280,319
6281,318
6282,317
6283,316
6284,315
6285,314
6286,313
6287,312
6288,311
6289,310
6290,309
6291,308
6292,308
6293,307
6294,306
6295,305
6296,308
6297,307
6298,306
6299,305
6300,304
6301,304
6302,303
6303,303
6304,302
6305,301
6306,301
6307,300
6308,299
6309,304
6310,303
6311,302
6312,301
6313,300
6314,299
6315,298
6316,297
6317,296
6318,300
6319,299
6320,298
6321,297
6322,296
6323,295
6324,300
6325,302
6326,302
6327,301
6328,300
6329,299
6330,298
6331,297
6332,296
6333,295
6334,294
6335,296
6336,295
6337,294
6338,293
6339,292
6340,293
6341,292
6342,291
6343,290
6344,289
6345,288
6346,292
6347,291
6348,290
6349,289
6350,288
6351,287
6352,286
6353,285
6354,286
6355,285
6356,284
6357,283
6358,282
6359,283
6360,282
6361,281
6362,284
6363,283
6364,282
6365,281
6366,280
6367,281
6368,280
6369,279
6370,279
6371,278
6372,277
6373,277
6374,276
6375,275
6376,274
6377,273
6378,279
6379,278
6380,277
6381,276
6382,275
6383,274
6384,273
6385,272
6386,272
6387,271
6388,287
6389,286
6390,285
6391,284
6392,283
6393,282
6394,281
6395,280
6396,279
6397,278
6398,277
6399,276
6400,275
6401,274
6402,273
6403,272
6404,271
6405,342
6406,341
6407,340
6408,339
6409,338
6410,337
6411,336
6412,335
6413,334
6414,333
6415,332
6416,331
6417,330
6418,329
6419,328
6420,327
6421,326
6422,325
6423,324
6424,323
6425,322
6426,321
6427,320
6428,319
6429,318
6430,317
6431,316
6432,315
6433,314
6434,313
6435,312
6436,311
6437,310
6438,309
6439,308
6440,307
6441,306
6442,305
6443,304
6444,303
6445,302
6446,301
6447,300
6448,299
6449,298
6450,297
6451,296
6452,295
6453,294
6454,293
6455,292
6456,291
6457,290
6458,289
6459,288
6460,287
6461,286
6462,285
6463,284
6464,283
6465,282
6466,281
6467,280
6468,279
6469,278
6470,277
6471,276
6472,275
6473,274
6474,273
6475,272
6476,271
6477,270
6478,269
6479,268
6480,267
6481,268
6482,267
6483,266
6484,267
6485,266
6486,265
6487,265
6488,264
6489,264
6490,263
6491,262
6492,263
6493,262
6494,261
6495,269
6496,268
6497,267
6498,266
6499,265
6500,264
6501,263
6502,262
6503,261
6504,260
6505,259
6506,259
6507,258
6508,257
6509,261
6510,260
6511,259
6512,258
6513,257
6514,256
6515,256
6516,255
6517,255
6518,254
6519,253
6520,252
6521,267
6522,266
6523,265
6524,264
6525,263
6526,262
6527,261
6528,260
6529,259
6530,258
6531,257
6532,256
6533,255
6534,254
6535,253
6536,252
6537,251
6538,293
6539,292
6540,291
6541,290
6542,289
6543,288
6544,287
6545,286
6546,285
6547,284
6548,283
6549,282
6550,281
6551,280
6552,279
6553,278
6554,277
6555,276
6556,275
6557,274
6558,273
6559,272
6560,271
6561,270
6562,269
6563,268
6564,267
6565,266
6566,265
6567,264
6568,263
6569,262
6570,261
6571,260
6572,259
6573,258
6574,257
6575,256
6576,255
6577,254
6578,253
6579,252
6580,251
6581,250
6582,256
6583,255
6584,254
6585,253
6586,252
6587,251
6588,250
6589,249
6590,249
6591,248
6592,247
6593,246
6594,245
6595,255
6596,261
6597,261
6598,261
6599,260
6600,259
6601,258
6602,257
6603,256
6604,255
6605,254
6606,253
6607,252
6608,251
6609,250
6610,249
6611,248
6612,248
6613,247
6614,246
6615,245
6616,246
6617,245
6618,244
6619,243
6620,243
6621,242
6622,241
6623,241
6624,240
6625,239
6626,238
6627,237
6628,239
6629,238
6630,237
6631,236
6632,238
6633,237
6634,236
6635,235
6636,234
6637,236
6638,235
6639,234
6640,233
6641,235
6642,234
6643,233
6644,232
6645,232
6646,231
6647,242
6648,241
6649,240
6650,239
6651,238
6652,237
6653,236
6654,235
6655,234
6656,233
6657,232
6658,231
6659,230
6660,230
6661,229
6662,229
6663,228
6664,228
6665,227
6666,230
6667,229
6668,228
6669,227
6670,226
6671,230
6672,229
6673,228
6674,227
6675,226
6676,225
6677,225
6678,224
6679,223
6680,223
6681,222
6682,227
6683,230
6684,229
6685,228
6686,227
6687,226
6688,225
6689,224
6690,223
6691,222
6692,221
6693,220
6694,232
6695,231
6696,230
6697,229
6698,228
6699,227
6700,226
6701,225
6702,224
6703,223
6704,222
6705,221
6706,220
6707,219
6708,222
6709,221
6710,220
6711,219
6712,218
6713,227
6714,226
6715,225
6716,224
6717,226
6718,225
6719,224
6720,223
6721,222
6722,221
6723,220
6724,219
6725,218
6726,217
6727,216
6728,216
6729,215
6730,218
6731,217
6732,216
6733,215
6734,214
6735,213
6736,212
6737,217
6738,216
6739,215
6740,214
6741,213
6742,212
6743,211
6744,211
6745,210
6746,209
6747,208
6748,211
6749,210
6750,209
6751,208
6752,207
6753,206
6754,211
6755,210
6756,209
6757,208
6758,207
6759,206
6760,205
6761,204
6762,207
6763,206
6764,205
6765,204
6766,210
6767,209
6768,208
6769,207
6770,206
6771,205
6772,204
6773,203
6774,203
6775,202
6776,205
6777,204
6778,203
6779,202
6780,201
6781,200
6782,199
6783,204
6784,203
6785,202
6786,201
6787,200
6788,199
6789,198
6790,210
6791,209
6792,208
6793,207
6794,206
6795,205
6796,204
6797,203
6798,202
6799,201
6800,200
6801,199
6802,198
6803,197
6804,196
6805,195
6806,195
6807,194
6808,194
6809,193
6810,192
6811,202
6812,201
6813,200
6814,199
6815,198
6816,197
6817,196
6818,195
6819,194
6820,193
6821,192
6822,196
6823,195
6824,194
6825,193
6826,192
6827,191
6828,190
6829,189
6830,188
6831,190
6832,189
6833,188
6834,187
6835,186
6836,185
6837,184
6838,191
6839,190
6840,189
6841,188
6842,187
6843,186
6844,185
6845,184
6846,183
6847,182
6848,182
6849,181
6850,180
6851,179
6852,178
6853,177
6854,177
6855,176
6856,179
6857,178
6858,177
6859,176
6860,175
6861,176
6862,175
6863,174
6864,173
6865,172
6866,181
6867,180
6868,179
6869,178
6870,177
6871,176
6872,175
6873,174
6874,173
6875,172
6876,171
6877,170
6878,169
6879,180
6880,179
6881,178
6882,177
6883,176
6884,175
6885,174
6886,173
6887,172
6888,171
6889,170
6890,169
6891,168
6892,170
6893,169
6894,168
6895,167
6896,169
6897,168
6898,167
6899,166
6900,166
6901,165
6902,164
6903,177
6904,176
6905,175
6906,174
6907,173
6908,172
6909,171
6910,170
6911,169
6912,168
6913,167
6914,166
6915,165
6916,164
6917,163
6918,163
6919,162
6920,161
6921,161
6922,160
6923,159
6924,158
6925,157
6926,156
6927,155
6928,154
6929,153
6930,152
6931,153
6932,152
6933,151
6934,153
6935,152
6936,151
6937,150
6938,161
6939,160
6940,159
6941,158
6942,157
6943,156
6944,155
6945,154
6946,153
6947,152
6948,151
6949,150
6950,149
6951,152
6952,151
6953,150
6954,149
6955,148
6956,147
6957,149
6958,148
6959,147
6960,146
6961,147
6962,146
6963,145
6964,145
6965,144
6966,143
6967,142
6968,141
6969,143
6970,142
6971,141
6972,140
6973,166
6974,165
6975,164
6976,163
6977,162
6978,161
6979,160
6980,159
6981,158
6982,157
6983,156
6984,155
6985,154
6986,153
6987,152
6988,151
6989,150
6990,149
6991,148
6992,147
6993,146
6994,145
6995,144
6996,143
6997,142
6998,141
6999,140
7000,139
7001,138
7002,139
7003,138
7004,137
7005,136
7006,135
7007,134
7008,134
7009,133
7010,132
7011,131
7012,141
7013,140
7014,139
7015,138
7016,137
7017,136
7018,135
7019,134
7020,133
7021,132
7022,131
7023,130
7024,130
7025,129
7026,135
7027,134
7028,133
7029,132
7030,131
7031,130
7032,129
7033,128
7034,127
7035,126
7036,130
7037,129
7038,128
7039,127
7040,126
7041,125
7042,124
7043,124
7044,123
7045,122
7046,128
7047,127
7048,126
7049,125
7050,124
7051,123
7052,122
7053,121
7054,136
7055,135
7056,134
7057,133
7058,132
7059,131
7060,130
7061,129
7062,128
7063,127
7064,126
7065,125
7066,124
7067,123
7068,122
7069,121
7070,120
7071,127
7072,126
7073,125
7074,124
7075,123
7076,122
7077,121
7078,120
7079,119
7080,118
7081,117
7082,116
7083,121
7084,120
7085,119
7086,118
7087,117
7088,116
7089,115
7090,116
7091,115
7092,114
7093,115
7094,114
7095,113
7096,123
7097,124
7098,125
7099,124
7100,123
7101,122
7102,121
7103,121
7104,120
7105,119
7106,118
7107,117
7108,116
7109,115
7110,114
7111,113
7112,119
7113,118
7114,117
7115,116
7116,115
7117,114
7118,113
7119,112
7120,111
7121,115
7122,114
7123,113
7124,112
7125,111
7126,110
7127,109
7128,108
7129,107
7130,106
7131,109
7132,108
7133,107
7134,106
7135,105
7136,106
7137,105
7138,104
7139,103
7140,107
7141,106
7142,105
7143,104
7144,103
7145,102
7146,101
7147,100
7148,106
7149,105
7150,104
7151,103
7152,102
7153,101
7154,100
7155,99
7156,98
7157,97
7158,96
7159,95
7160,102
7161,101
7162,100
7163,99
7164,98
7165,97
7166,96
7167,95
7168,94
7169,100
7170,99
7171,98
7172,97
7173,96
7174,95
7175,94
7176,93
7177,94
7178,93
7179,92
7180,91
7181,94
7182,93
7183,92
7184,91
7185,90
7186,93
7187,92
7188,91
7189,90
7190,89
7191,90
7192,89
7193,88
7194,87
7195,86
7196,86
7197,85
7198,92
7199,91
7200,90
7201,89
7202,88
7203,87
7204,86
7205,85
7206,84
7207,100
7208,99
7209,98
7210,97
7211,96
7212,95
7213,94
7214,93
7215,92
7216,91
7217,90
7218,89
7219,88
7220,87
7221,86
7222,85
7223,84
7224,83
7225,105
7226,104
7227,103
7228,102
7229,101
7230,100
7231,99
7232,98
7233,97
7234,96
7235,95
7236,94
7237,93
7238,92
7239,91
7240,90
7241,89
7242,88
7243,87
7244,86
7245,85
7246,84
7247,83
7248,82
7249,98
7250,97
7251,96
7252,95
7253,94
7254,93
7255,92
7256,91
7257,90
7258,89
7259,88
7260,87
7261,86
7262,85
7263,84
7264,83
7265,82
7266,81
7267,81
7268,80
7269,79
7270,87
7271,86
7272,85
7273,84
7274,83
7275,82
7276,81
7277,80
7278,79
7279,78
7280,143
7281,142
7282,141
7283,140
7284,139
7285,138
7286,137
7287,136
7288,135
7289,134
7290,133
7291,132
7292,131
7293,130
7294,129
7295,128
7296,127
7297,126
7298,125
7299,124
7300,123
7301,122
7302,121
7303,120
7304,119
7305,118
7306,117
7307,116
7308,115
7309,114
7310,113
7311,112
7312,111
7313,110
7314,109
7315,108
7316,107
7317,106
7318,105
7319,104
7320,103
7321,102
7322,101
7323,100
7324,99
7325,98
7326,97
7327,96
7328,95
7329,94
7330,93
7331,92
7332,91
7333,90
7334,89
7335,88
7336,87
7337,86
7338,85
7339,84
7340,83
7341,82
7342,81
7343,80
7344,79
7345,78
7346,77
7347,88
7348,87
7349,86
7350,85
7351,84
7352,83
7353,82
7354,81
7355,80
7356,79
7357,78
7358,77
7359,76
7360,76
7361,75
7362,74
7363,73
7364,73
7365,72
7366,71
7367,70
7368,70
7369,69
7370,68
7371,70
7372,69
7373,68
7374,67
7375,67
7376,66
7377,65
7378,67
7379,66
7380,65
7381,64
7382,63
7383,62
7384,62
7385,61
7386,61
7387,60
7388,66
7389,65
7390,64
7391,63
7392,62
7393,61
7394,60
7395,59
7396,58
7397,64
7398,63
7399,62
7400,61
7401,60
7402,59
7403,58
7404,57
7405,56
7406,57
7407,56
7408,55
7409,59
7410,58
7411,57
7412,56
7413,55
7414,54
7415,53
7416,52
7417,51
7418,51
7419,50
7420,50
7421,49
7422,51
7423,50
7424,49
7425,48
7426,47
7427,46
7428,46
7429,45
7430,44
7431,43
7432,42
7433,41
7434,43
7435,42
7436,41
7437,40
7438,39
7439,39
7440,38
7441,37
7442,36
7443,37
7444,36
7445,35
7446,34
7447,33
7448,34
7449,33
7450,32
7451,31
7452,33
7453,32
7454,31
7455,30
7456,33
7457,32
7458,31
7459,30
7460,29
7461,32
7462,31
7463,30
7464,29
7465,28
7466,27
7467,29
7468,28
7469,27
7470,26
7471,26
7472,25
7473,24
7474,23
7475,29
7476,28
7477,27
7478,26
7479,25
7480,24
7481,23
7482,22
7483,23
7484,22
7485,21
7486,24
7487,23
7488,22
7489,21
7490,20
7491,20
7492,19
7493,18
7494,17
7495,17
7496,16
7497,15
7498,14
7499,27
7500,26
7501,25
7502,24
7503,23
7504,22
7505,21
7506,20
7507,19
7508,18
7509,17
7510,16
7511,15
7512,14
7513,13
7514,12
7515,11
7516,12
7517,11
7518,10
7519,13
7520,12
7521,11
7522,10
7523,9
7524,8
7525,10
7526,9
7527,8
7528,7
7529,6
7530,5
7531,4
7532,22
7533,21
7534,20
7535,19
7536,18
7537,17
7538,16
7539,15
7540,14
7541,13
7542,12
7543,11
7544,10
7545,9
7546,8
7547,7
7548,6
7549,5
7550,4
7551,3
7552,2
7553,1
7554,0